A,B,A Wins by Tricks,B Wins by Tricks,Ties by Tricks,A Wins by Cards,B Wins by Cards,Ties by Cards
BBB,BBR,405226,440071,154703,472886,507352,19762
BBB,BRB,212149,664207,123644,277725,706255,16020
BBB,BRR,112764,769204,118032,176386,803700,19914
BBB,RBB,1094,994884,4022,8,999991,1
BBB,RBR,167871,693510,138619,252568,726060,21372
BBB,RRB,8305,967259,24436,9419,988029,2552
BBB,RRR,326173,324556,349271,486236,485202,28562
BBR,BBB,440071,405226,154703,507352,472886,19762
BBR,BRB,801373,115874,82753,863422,123345,13233
BBR,BRR,882661,51790,65549,955604,36018,8378
BBR,RBB,26368,935109,38523,1880,997636,484
BBR,RBR,792184,113595,94221,917868,68269,13863
BBR,RRB,409530,409632,180838,477769,478059,44172
BBR,RRR,967376,8333,24291,987985,9418,2597
BRB,BBB,664207,212149,123644,706255,277725,16020
BRB,BBR,115874,801373,82753,123345,863422,13233
BRB,BRR,430912,431906,137182,485711,485816,28473
BRB,RBB,423096,442372,134532,419893,558406,21701
BRB,RBR,406338,406041,187621,488117,488128,23755
BRB,RRB,113136,792994,93870,68370,917787,13843
BRB,RRR,693820,168156,138024,725961,252686,21353
BRR,BBB,769204,112764,118032,803700,176386,19914
BRR,BBR,51790,882661,65549,36018,955604,8378
BRR,BRB,431906,430912,137182,485816,485711,28473
BRR,RBB,432203,431455,136342,485595,485611,28794
BRR,RBR,442663,423521,133816,558570,419658,21772
BRR,RRB,935254,26306,38440,997609,1902,489
BRR,RRR,994914,1142,3944,999986,11,3
RBB,BBB,994884,1094,4022,999991,8,1
RBB,BBR,935109,26368,38523,997636,1880,484
RBB,BRB,442372,423096,134532,558406,419893,21701
RBB,BRR,431455,432203,136342,485611,485595,28794
RBB,RBR,432098,431779,136123,486020,485264,28716
RBB,RRB,51876,883125,64999,35840,955902,8258
RBB,RRR,769536,112682,117782,803717,176194,20089
RBR,BBB,693510,167871,138619,726060,252568,21372
RBR,BBR,113595,792184,94221,68269,917868,13863
RBR,BRB,406041,406338,187621,488128,488117,23755
RBR,BRR,423521,442663,133816,419658,558570,21772
RBR,RBB,431779,432098,136123,485264,486020,28716
RBR,RRB,116248,801156,82596,123947,863013,13040
RBR,RRR,664254,211618,124128,706186,277675,16139
RRB,BBB,967259,8305,24436,988029,9419,2552
RRB,BBR,409632,409530,180838,478059,477769,44172
RRB,BRB,792994,113136,93870,917787,68370,13843
RRB,BRR,26306,935254,38440,1902,997609,489
RRB,RBB,883125,51876,64999,955902,35840,8258
RRB,RBR,801156,116248,82596,863013,123947,13040
RRB,RRR,441291,404754,153955,507945,472199,19856
RRR,BBB,324556,326173,349271,485202,486236,28562
RRR,BBR,8333,967376,24291,9418,987985,2597
RRR,BRB,168156,693820,138024,252686,725961,21353
RRR,BRR,1142,994914,3944,11,999986,3
RRR,RBB,112682,769536,117782,176194,803717,20089
RRR,RBR,211618,664254,124128,277675,706186,16139
RRR,RRB,404754,441291,153955,472199,507945,19856
